<PAMDataset>
  <Metadata>
    <MDI key="Comment">Created with GIMP</MDI>
  </Metadata>
  <Metadata domain="IMAGE_STRUCTURE">
    <MDI key="INTERLEAVE">PIXEL</MDI>
  </Metadata>
  <PAMRasterBand band="1">
    <Metadata>
      <MDI key="STATISTICS_APPROXIMATE">YES</MDI>
      <MDI key="STATISTICS_MAXIMUM">255</MDI>
      <MDI key="STATISTICS_MEAN">165.33220184626</MDI>
      <MDI key="STATISTICS_MINIMUM">79</MDI>
      <MDI key="STATISTICS_STDDEV">44.261951860548</MDI>
      <MDI key="STATISTICS_VALID_PERCENT">100</MDI>
    </Metadata>
  </PAMRasterBand>
  <PAMRasterBand band="2">
    <Metadata>
      <MDI key="STATISTICS_APPROXIMATE">YES</MDI>
      <MDI key="STATISTICS_MAXIMUM">237</MDI>
      <MDI key="STATISTICS_MEAN">157.66200273213</MDI>
      <MDI key="STATISTICS_MINIMUM">68</MDI>
      <MDI key="STATISTICS_STDDEV">37.134052214238</MDI>
      <MDI key="STATISTICS_VALID_PERCENT">100</MDI>
    </Metadata>
  </PAMRasterBand>
  <PAMRasterBand band="3">
    <Metadata>
      <MDI key="STATISTICS_APPROXIMATE">YES</MDI>
      <MDI key="STATISTICS_MAXIMUM">224</MDI>
      <MDI key="STATISTICS_MEAN">133.31932773109</MDI>
      <MDI key="STATISTICS_MINIMUM">57</MDI>
      <MDI key="STATISTICS_STDDEV">38.06740171251</MDI>
      <MDI key="STATISTICS_VALID_PERCENT">100</MDI>
    </Metadata>
  </PAMRasterBand>
</PAMDataset>
